genres,N
Action-Adventure-Animation-Comedy-Crime-Family-Fantasy-end,1
Action-Adventure-Animation-Comedy-Drama-Family-Fantasy-Thriller-end,1
Action-Adventure-Animation-Comedy-Drama-Family-SciFi-end,2
Action-Adventure-Animation-Comedy-Family-end,6
Action-Adventure-Animation-Comedy-Family-Fantasy-end,4
Action-Adventure-Animation-Comedy-Family-Fantasy-SciFi-end,2
Action-Adventure-Animation-Comedy-Family-SciFi-end,3
Action-Adventure-Animation-Comedy-Fantasy-end,1
Action-Adventure-Animation-Comedy-Fantasy-SciFi-end,1
Action-Adventure-Animation-Comedy-SciFi-end,1
Action-Adventure-Animation-Drama-Fantasy-SciFi-end,1
Action-Adventure-Animation-Drama-Mystery-SciFi-Thriller-end,1
Action-Adventure-Animation-Family-end,1
Action-Adventure-Animation-Family-Fantasy-end,2
Action-Adventure-Animation-Family-Fantasy-SciFi-end,2
Action-Adventure-Animation-Family-SciFi-end,2
Action-Adventure-Animation-Family-SciFi-Thriller-end,1
Action-Adventure-Animation-Fantasy-end,1
Action-Adventure-Animation-Fantasy-Romance-SciFi-end,1
Action-Adventure-Biography-Drama-History-end,1
Action-Adventure-Biography-Drama-History-Romance-War-end,1
Action-Adventure-Biography-Drama-History-Thriller-end,1
Action-Adventure-Comedy-Crime-end,6
Action-Adventure-Comedy-Crime-Family-Romance-Thriller-end,1
Action-Adventure-Comedy-Crime-Music-Mystery-end,1
Action-Adventure-Comedy-Crime-Mystery-Thriller-end,1
Action-Adventure-Comedy-Crime-Thriller-end,1
Action-Adventure-Comedy-Drama-Music-SciFi-end,1
Action-Adventure-Comedy-Drama-Thriller-end,1
Action-Adventure-Comedy-Drama-War-end,1
Action-Adventure-Comedy-end,11
Action-Adventure-Comedy-Family-end,1
Action-Adventure-Comedy-Family-Fantasy-end,1
Action-Adventure-Comedy-Family-Fantasy-Mystery-SciFi-end,1
Action-Adventure-Comedy-Family-Fantasy-SciFi-end,4
Action-Adventure-Comedy-Family-Mystery-end,1
Action-Adventure-Comedy-Family-Romance-end,1
Action-Adventure-Comedy-Family-Romance-SciFi-end,1
Action-Adventure-Comedy-Family-SciFi-end,8
Action-Adventure-Comedy-Fantasy-end,3
Action-Adventure-Comedy-Fantasy-Mystery-end,1
Action-Adventure-Comedy-Fantasy-Romance-end,1
Action-Adventure-Comedy-Fantasy-SciFi-end,1
Action-Adventure-Comedy-Fantasy-Thriller-end,1
Action-Adventure-Comedy-Musical-end,1
Action-Adventure-Comedy-Music-Thriller-end,1
Action-Adventure-Comedy-Romance-end,2
Action-Adventure-Comedy-Romance-SciFi-end,3
Action-Adventure-Comedy-Romance-Thriller-end,1
Action-Adventure-Comedy-Romance-Thriller-Western-end,1
Action-Adventure-Comedy-SciFi-end,4
Action-Adventure-Comedy-SciFi-Thriller-end,1
Action-Adventure-Comedy-Thriller-end,5
Action-Adventure-Comedy-Western-end,2
Action-Adventure-Crime-Drama-end,1
Action-Adventure-Crime-Drama-Family-Fantasy-Romance-Thriller-end,1
Action-Adventure-Crime-Drama-Mystery-Thriller-end,1
Action-Adventure-Crime-Drama-Romance-end,1
Action-Adventure-Crime-Drama-SciFi-Thriller-end,1
Action-Adventure-Crime-Drama-Thriller-end,1
Action-Adventure-Crime-end,1
Action-Adventure-Crime-Fantasy-Mystery-Thriller-end,1
Action-Adventure-Crime-Mystery-Thriller-end,2
Action-Adventure-Crime-Thriller-end,9
Action-Adventure-Drama-end,5
Action-Adventure-Drama-Family-end,1
Action-Adventure-Drama-Fantasy-end,6
Action-Adventure-Drama-Fantasy-SciFi-end,1
Action-Adventure-Drama-Fantasy-War-end,1
Action-Adventure-Drama-History-end,2
Action-Adventure-Drama-History-Romance-end,3
Action-Adventure-Drama-History-Romance-War-end,1
Action-Adventure-Drama-History-Thriller-War-end,1
Action-Adventure-Drama-History-War-end,7
Action-Adventure-Drama-Horror-SciFi-end,1
Action-Adventure-Drama-Mystery-end,1
Action-Adventure-Drama-Romance-end,4
Action-Adventure-Drama-Romance-SciFi-end,1
Action-Adventure-Drama-Romance-Thriller-end,1
Action-Adventure-Drama-Romance-War-end,2
Action-Adventure-Drama-Romance-Western-end,1
Action-Adventure-Drama-SciFi-end,5
Action-Adventure-Drama-SciFi-Thriller-end,2
Action-Adventure-Drama-Thriller-end,13
Action-Adventure-Drama-Thriller-War-end,1
Action-Adventure-Drama-Thriller-Western-end,1
Action-Adventure-Drama-War-end,1
Action-Adventure-Drama-Western-end,1
Action-Adventure-end,10
Action-Adventure-Family-Fantasy-end,5
Action-Adventure-Family-Fantasy-Romance-end,1
Action-Adventure-Family-Fantasy-SciFi-end,1
Action-Adventure-Family-Fantasy-SciFi-Thriller-end,1
Action-Adventure-Family-Fantasy-Thriller-end,1
Action-Adventure-Family-Mystery-end,1
Action-Adventure-Family-Mystery-SciFi-end,1
Action-Adventure-Family-SciFi-end,2
Action-Adventure-Family-SciFi-Thriller-end,1
Action-Adventure-Family-Thriller-end,1
Action-Adventure-Fantasy-end,29
Action-Adventure-Fantasy-Horror-end,1
Action-Adventure-Fantasy-Horror-SciFi-end,1
Action-Adventure-Fantasy-Horror-SciFi-Thriller-end,1
Action-Adventure-Fantasy-Horror-Thriller-end,1
Action-Adventure-Fantasy-Romance-end,3
Action-Adventure-Fantasy-SciFi-end,13
Action-Adventure-Fantasy-SciFi-Thriller-end,12
Action-Adventure-Fantasy-Thriller-end,6
Action-Adventure-Fantasy-War-end,1
Action-Adventure-History-end,3
Action-Adventure-History-Romance-end,1
Action-Adventure-History-Western-end,1
Action-Adventure-Horror-SciFi-end,4
Action-Adventure-Horror-SciFi-Thriller-end,3
Action-Adventure-Horror-Thriller-end,2
Action-Adventure-Mystery-Romance-Thriller-end,1
Action-Adventure-Mystery-SciFi-end,2
Action-Adventure-Mystery-SciFi-Thriller-end,3
Action-Adventure-Romance-end,4
Action-Adventure-Romance-SciFi-end,3
Action-Adventure-Romance-SciFi-Thriller-end,3
Action-Adventure-Romance-Thriller-end,1
Action-Adventure-Romance-War-end,1
Action-Adventure-Romance-Western-end,1
Action-Adventure-SciFi-end,48
Action-Adventure-SciFi-Thriller-end,34
Action-Adventure-Thriller-end,44
Action-Adventure-Thriller-War-end,2
Action-Adventure-Western-end,6
Action-Animation-Comedy-Crime-Family-end,1
Action-Animation-Comedy-Family-end,1
Action-Animation-Comedy-Family-Fantasy-end,1
Action-Animation-Comedy-Family-Fantasy-SciFi-end,1
Action-Animation-Comedy-Family-SciFi-end,3
Action-Animation-Comedy-SciFi-end,1
Action-Animation-Crime-SciFi-Thriller-end,1
Action-Animation-Fantasy-Horror-Mystery-SciFi-Thriller-end,1
Action-Animation-SciFi-end,1
Action-Animation-SciFi-Thriller-end,1
Action-Biography-Crime-Drama-end,3
Action-Biography-Crime-Drama-Family-Fantasy-end,1
Action-Biography-Crime-Drama-Thriller-end,1
Action-Biography-Documentary-Sport-end,1
Action-Biography-Drama-end,1
Action-Biography-Drama-History-end,2
Action-Biography-Drama-History-Romance-War-end,1
Action-Biography-Drama-History-Romance-Western-end,1
Action-Biography-Drama-History-Thriller-War-end,1
Action-Biography-Drama-History-War-end,1
Action-Biography-Drama-Sport-end,3
Action-Biography-Drama-Thriller-War-end,1
Action-Comedy-Crime-Drama-end,2
Action-Comedy-Crime-Drama-Romance-Thriller-end,1
Action-Comedy-Crime-Drama-Thriller-end,7
Action-Comedy-Crime-end,30
Action-Comedy-Crime-Family-end,1
Action-Comedy-Crime-Fantasy-end,2
Action-Comedy-Crime-Fantasy-Horror-Mystery-SciFi-Thriller-end,1
Action-Comedy-Crime-Music-end,1
Action-Comedy-Crime-Music-Romance-Thriller-end,1
Action-Comedy-Crime-Romance-end,2
Action-Comedy-Crime-Romance-Thriller-end,3
Action-Comedy-Crime-SciFi-Thriller-end,1
Action-Comedy-Crime-Thriller-end,23
Action-Comedy-Crime-Western-end,1
Action-Comedy-Documentary-end,2
Action-Comedy-Drama-end,1
Action-Comedy-Drama-Family-Thriller-end,1
Action-Comedy-Drama-Music-end,1
Action-Comedy-Drama-SciFi-end,1
Action-Comedy-Drama-Thriller-end,2
Action-Comedy-Drama-War-end,1
Action-Comedy-Drama-Western-end,1
Action-Comedy-end,15
Action-Comedy-Family-end,2
Action-Comedy-Family-Fantasy-end,2
Action-Comedy-Fantasy-end,3
Action-Comedy-Fantasy-Horror-end,1
Action-Comedy-Fantasy-Romance-end,1
Action-Comedy-Fantasy-SciFi-end,3
Action-Comedy-Horror-end,4
Action-Comedy-Horror-SciFi-end,2
Action-Comedy-Horror-Thriller-end,1
Action-Comedy-Music-end,1
Action-Comedy-Mystery-end,1
Action-Comedy-Mystery-Romance-end,1
Action-Comedy-Romance-end,6
Action-Comedy-Romance-Thriller-end,2
Action-Comedy-SciFi-end,7
Action-Comedy-SciFi-Sport-end,1
Action-Comedy-SciFi-Thriller-end,2
Action-Comedy-SciFi-Western-end,1
Action-Comedy-Sport-end,3
Action-Comedy-Thriller-end,4
Action-Comedy-War-end,2
Action-Crime-Drama-end,5
Action-Crime-Drama-History-Western-end,1
Action-Crime-Drama-Mystery-end,1
Action-Crime-Drama-Mystery-SciFi-Thriller-end,1
Action-Crime-Drama-Mystery-Thriller-end,22
Action-Crime-Drama-Romance-Thriller-end,6
Action-Crime-Drama-SciFi-Thriller-end,2
Action-Crime-Drama-Sport-end,1
Action-Crime-Drama-Thriller-end,65
Action-Crime-Drama-Thriller-War-end,1
Action-Crime-Drama-Thriller-Western-end,3
Action-Crime-Drama-Western-end,1
Action-Crime-end,4
Action-Crime-Fantasy-Romance-Thriller-end,1
Action-Crime-Fantasy-Thriller-end,3
Action-Crime-Horror-SciFi-Thriller-end,1
Action-Crime-Horror-Thriller-end,1
Action-Crime-Mystery-Romance-Thriller-end,2
Action-Crime-Mystery-SciFi-Thriller-end,1
Action-Crime-Mystery-Thriller-end,6
Action-Crime-Romance-Thriller-end,3
Action-Crime-SciFi-end,1
Action-Crime-SciFi-Thriller-end,10
Action-Crime-Sport-Thriller-end,1
Action-Crime-Thriller-end,62
Action-Drama-end,10
Action-Drama-Family-Sport-end,1
Action-Drama-Fantasy-end,2
Action-Drama-Fantasy-Horror-Thriller-end,1
Action-Drama-Fantasy-Horror-War-end,1
Action-Drama-Fantasy-Mystery-SciFi-Thriller-end,1
Action-Drama-Fantasy-Mystery-Thriller-end,1
Action-Drama-Fantasy-Romance-end,2
Action-Drama-Fantasy-SciFi-end,1
Action-Drama-Fantasy-Thriller-Western-end,1
Action-Drama-Fantasy-War-end,2
Action-Drama-History-end,1
Action-Drama-History-Romance-War-end,2
Action-Drama-History-Romance-War-Western-end,1
Action-Drama-History-Thriller-end,1
Action-Drama-History-Thriller-War-end,1
Action-Drama-History-War-end,8
Action-Drama-Horror-Thriller-end,2
Action-Drama-Music-Romance-end,1
Action-Drama-Mystery-SciFi-end,2
Action-Drama-Mystery-Thriller-end,1
Action-Drama-Mystery-Thriller-War-end,1
Action-Drama-Romance-end,3
Action-Drama-Romance-SciFi-Thriller-end,1
Action-Drama-Romance-Sport-end,1
Action-Drama-Romance-Thriller-end,1
Action-Drama-Romance-War-end,1
Action-Drama-SciFi-end,2
Action-Drama-SciFi-Sport-end,1
Action-Drama-SciFi-Thriller-end,9
Action-Drama-Sport-end,5
Action-Drama-Sport-Thriller-end,1
Action-Drama-Thriller-end,21
Action-Drama-Thriller-War-end,7
Action-Drama-War-end,10
Action-Drama-Western-end,2
Action-end,11
Action-Family-Fantasy-Musical-end,1
Action-Family-Sport-end,1
Action-Fantasy-end,2
Action-Fantasy-Horror-end,4
Action-Fantasy-Horror-Mystery-end,1
Action-Fantasy-Horror-Mystery-Thriller-end,1
Action-Fantasy-Horror-SciFi-end,1
Action-Fantasy-Horror-SciFi-Thriller-end,2
Action-Fantasy-Horror-Thriller-end,5
Action-Fantasy-Romance-SciFi-end,1
Action-Fantasy-SciFi-Thriller-end,1
Action-Fantasy-Thriller-end,4
Action-Fantasy-Western-end,1
Action-Horror-end,5
Action-Horror-Mystery-SciFi-Thriller-end,1
Action-Horror-Mystery-Thriller-end,1
Action-Horror-Romance-end,1
Action-Horror-Romance-SciFi-Thriller-end,1
Action-Horror-SciFi-end,9
Action-Horror-SciFi-Thriller-end,15
Action-Horror-Thriller-end,9
Action-Mystery-SciFi-Thriller-end,6
Action-Mystery-Thriller-end,9
Action-Romance-Sport-end,1
Action-Romance-Thriller-end,2
Action-SciFi-end,21
Action-SciFi-Sport-end,2
Action-SciFi-Thriller-end,16
Action-SciFi-War-end,1
Action-Sport-end,1
Action-Thriller-end,30
Action-Thriller-Western-end,1
Action-War-end,1
Action-Western-end,1
Adventure-Animation-Biography-Drama-Family-Fantasy-Musical-end,1
Adventure-Animation-Comedy-Crime-end,1
Adventure-Animation-Comedy-Crime-Family-end,1
Adventure-Animation-Comedy-Drama-Family-end,2
Adventure-Animation-Comedy-Drama-Family-Fantasy-end,1
Adventure-Animation-Comedy-Drama-Family-Fantasy-Musical-end,1
Adventure-Animation-Comedy-Drama-Family-Fantasy-Romance-end,1
Adventure-Animation-Comedy-Drama-Family-Fantasy-SciFi-end,1
Adventure-Animation-Comedy-Drama-Family-Musical-end,2
Adventure-Animation-Comedy-end,2
Adventure-Animation-Comedy-Family-end,24
Adventure-Animation-Comedy-Family-Fantasy-end,29
Adventure-Animation-Comedy-Family-Fantasy-Musical-end,3
Adventure-Animation-Comedy-Family-Fantasy-Musical-Romance-end,2
Adventure-Animation-Comedy-Family-Fantasy-Music-end,2
Adventure-Animation-Comedy-Family-Fantasy-Romance-end,2
Adventure-Animation-Comedy-Family-Fantasy-SciFi-end,2
Adventure-Animation-Comedy-Family-Fantasy-SciFi-Sport-end,1
Adventure-Animation-Comedy-Family-Musical-end,3
Adventure-Animation-Comedy-Family-Romance-end,3
Adventure-Animation-Comedy-Family-SciFi-end,7
Adventure-Animation-Comedy-Family-Sport-end,3
Adventure-Animation-Comedy-Family-War-end,1
Adventure-Animation-Comedy-Family-Western-end,1
Adventure-Animation-Comedy-Fantasy-end,1
Adventure-Animation-Comedy-Fantasy-Music-Romance-end,1
Adventure-Animation-Comedy-Fantasy-Romance-end,1
Adventure-Animation-Drama-Family-Fantasy-end,1
Adventure-Animation-Drama-Family-Fantasy-Musical-Mystery-Romance-end,1
Adventure-Animation-Drama-Family-History-Musical-Romance-end,1
Adventure-Animation-Drama-Family-Musical-end,1
Adventure-Animation-end,1
Adventure-Animation-Family-end,5
Adventure-Animation-Family-Fantasy-end,12
Adventure-Animation-Family-Fantasy-Musical-end,1
Adventure-Animation-Family-Fantasy-Musical-War-end,1
Adventure-Animation-Family-Musical-end,1
Adventure-Animation-Family-SciFi-end,2
Adventure-Animation-Family-Sport-end,1
Adventure-Animation-Family-Thriller-end,1
Adventure-Animation-Family-Western-end,1
Adventure-Animation-Fantasy-end,2
Adventure-Animation-Fantasy-Horror-SciFi-end,1
Adventure-Animation-SciFi-end,1
Adventure-Biography-Crime-Drama-Western-end,1
Adventure-Biography-Documentary-Drama-end,1
Adventure-Biography-Drama-end,3
Adventure-Biography-Drama-History-end,1
Adventure-Biography-Drama-History-Sport-Thriller-end,1
Adventure-Biography-Drama-History-War-end,4
Adventure-Biography-Drama-Horror-Thriller-end,1
Adventure-Biography-Drama-Romance-end,1
Adventure-Biography-Drama-Thriller-end,3
Adventure-Biography-Drama-War-end,1
Adventure-Biography-end,1
Adventure-Comedy-Crime-Drama-end,1
Adventure-Comedy-Crime-Drama-Family-end,1
Adventure-Comedy-Crime-end,1
Adventure-Comedy-Crime-Family-Musical-end,1
Adventure-Comedy-Crime-Family-Mystery-end,1
Adventure-Comedy-Crime-Music-end,1
Adventure-Comedy-Crime-Romance-end,1
Adventure-Comedy-Drama-end,8
Adventure-Comedy-Drama-Family-end,1
Adventure-Comedy-Drama-Family-Fantasy-end,3
Adventure-Comedy-Drama-Family-Mystery-end,1
Adventure-Comedy-Drama-Family-Romance-end,1
Adventure-Comedy-Drama-Family-Sport-end,1
Adventure-Comedy-Drama-Fantasy-end,2
Adventure-Comedy-Drama-Fantasy-Musical-end,1
Adventure-Comedy-Drama-Fantasy-Romance-end,1
Adventure-Comedy-Drama-Music-end,1
Adventure-Comedy-Drama-Romance-end,4
Adventure-Comedy-Drama-Romance-SciFi-end,1
Adventure-Comedy-Drama-Romance-Thriller-War-end,1
Adventure-Comedy-end,14
Adventure-Comedy-Family-end,7
Adventure-Comedy-Family-Fantasy-end,12
Adventure-Comedy-Family-Fantasy-Horror-end,1
Adventure-Comedy-Family-Fantasy-Horror-Mystery-end,1
Adventure-Comedy-Family-Fantasy-Musical-end,1
Adventure-Comedy-Family-Fantasy-Music-SciFi-end,1
Adventure-Comedy-Family-Fantasy-Romance-Sport-end,1
Adventure-Comedy-Family-Fantasy-SciFi-end,2
Adventure-Comedy-Family-Musical-end,2
Adventure-Comedy-Family-Music-Romance-end,1
Adventure-Comedy-Family-Mystery-SciFi-end,1
Adventure-Comedy-Family-Romance-end,3
Adventure-Comedy-Family-Romance-SciFi-end,1
Adventure-Comedy-Family-SciFi-end,1
Adventure-Comedy-Family-Sport-end,2
Adventure-Comedy-Fantasy-end,3
Adventure-Comedy-Fantasy-Music-SciFi-end,1
Adventure-Comedy-Fantasy-SciFi-end,2
Adventure-Comedy-History-end,1
Adventure-Comedy-History-Romance-end,1
Adventure-Comedy-Horror-end,1
Adventure-Comedy-Horror-SciFi-end,1
Adventure-Comedy-Musical-Romance-end,1
Adventure-Comedy-Music-SciFi-end,1
Adventure-Comedy-Mystery-end,2
Adventure-Comedy-Romance-end,2
Adventure-Comedy-Romance-SciFi-end,1
Adventure-Comedy-SciFi-end,11
Adventure-Comedy-SciFi-Western-end,1
Adventure-Comedy-Sport-end,1
Adventure-Comedy-Western-end,1
Adventure-Crime-Drama-end,1
Adventure-Crime-Drama-Mystery-Thriller-end,1
Adventure-Crime-Drama-Mystery-Western-end,1
Adventure-Crime-Drama-Romance-end,1
Adventure-Crime-Drama-Thriller-end,1
Adventure-Crime-Drama-Western-end,1
Adventure-Crime-Mystery-SciFi-Thriller-end,1
Adventure-Crime-Thriller-end,1
Adventure-Documentary-Drama-Sport-end,1
Adventure-Documentary-end,1
Adventure-Documentary-Short-end,1
Adventure-Drama-end,13
Adventure-Drama-Family-end,4
Adventure-Drama-Family-Fantasy-end,4
Adventure-Drama-Family-Fantasy-SciFi-end,1
Adventure-Drama-Family-Mystery-end,1
Adventure-Drama-Family-Romance-Western-end,1
Adventure-Drama-Fantasy-end,3
Adventure-Drama-Fantasy-Mystery-end,1
Adventure-Drama-Fantasy-Mystery-Thriller-end,1
Adventure-Drama-Fantasy-Romance-end,3
Adventure-Drama-Fantasy-Thriller-Western-end,1
Adventure-Drama-History-end,5
Adventure-Drama-History-Romance-end,1
Adventure-Drama-History-Romance-Thriller-War-end,1
Adventure-Drama-History-Romance-War-end,1
Adventure-Drama-History-Thriller-War-end,1
Adventure-Drama-History-War-end,1
Adventure-Drama-Horror-Mystery-Thriller-end,1
Adventure-Drama-Horror-Thriller-end,1
Adventure-Drama-Mystery-end,2
Adventure-Drama-Mystery-SciFi-Thriller-end,1
Adventure-Drama-Romance-end,8
Adventure-Drama-Romance-War-end,5
Adventure-Drama-Romance-Western-end,1
Adventure-Drama-SciFi-end,4
Adventure-Drama-SciFi-Thriller-end,4
Adventure-Drama-Thriller-end,7
Adventure-Drama-Thriller-War-end,1
Adventure-Drama-Thriller-Western-end,1
Adventure-Drama-War-end,2
Adventure-Drama-Western-end,4
Adventure-end,3
Adventure-Family-end,5
Adventure-Family-Fantasy-end,16
Adventure-Family-Fantasy-Horror-Mystery-end,1
Adventure-Family-Fantasy-Musical-end,3
Adventure-Family-Fantasy-Music-Musical-end,1
Adventure-Family-Fantasy-Mystery-end,5
Adventure-Family-Fantasy-Romance-end,2
Adventure-Family-Fantasy-SciFi-end,1
Adventure-Family-Romance-end,1
Adventure-Family-SciFi-end,1
Adventure-Family-Sport-end,1
Adventure-Fantasy-end,8
Adventure-Fantasy-Horror-Mystery-Thriller-end,1
Adventure-Fantasy-Mystery-end,1
Adventure-Fantasy-Mystery-Thriller-end,2
Adventure-Fantasy-Thriller-end,1
Adventure-Horror-end,2
Adventure-Horror-Mystery-end,1
Adventure-Horror-SciFi-end,1
Adventure-Horror-Thriller-end,5
Adventure-Mystery-SciFi-end,4
Adventure-Mystery-Thriller-end,2
Adventure-SciFi-end,1
Adventure-SciFi-Thriller-end,7
Adventure-War-Western-end,1
Animation-Biography-Documentary-Drama-History-War-end,1
Animation-Biography-Drama-War-end,1
Animation-Comedy-Crime-Drama-Family-end,1
Animation-Comedy-Drama-end,2
Animation-Comedy-Drama-Family-Musical-end,1
Animation-Comedy-Drama-Fantasy-SciFi-end,1
Animation-Comedy-Drama-Romance-end,1
Animation-Comedy-end,2
Animation-Comedy-Family-end,9
Animation-Comedy-Family-Fantasy-end,6
Animation-Comedy-Family-Fantasy-Musical-end,2
Animation-Comedy-Family-Fantasy-Musical-Romance-end,1
Animation-Comedy-Family-Fantasy-Music-end,2
Animation-Comedy-Family-Fantasy-Mystery-end,1
Animation-Comedy-Family-Fantasy-SciFi-end,1
Animation-Comedy-Family-Horror-SciFi-end,1
Animation-Comedy-Family-Musical-end,1
Animation-Comedy-Family-Music-Romance-end,1
Animation-Comedy-Family-Music-Western-end,1
Animation-Comedy-Family-Mystery-SciFi-end,2
Animation-Comedy-Family-Romance-end,1
Animation-Comedy-Family-SciFi-end,2
Animation-Comedy-Family-Sport-end,1
Animation-Comedy-Fantasy-end,1
Animation-Comedy-Fantasy-Musical-end,1
Animation-Drama-end,1
Animation-Drama-Family-end,1
Animation-Drama-Family-Fantasy-end,1
Animation-Drama-Family-Fantasy-Musical-Romance-end,1
Animation-Drama-Family-Musical-Romance-end,1
Animation-Drama-Mystery-SciFi-Thriller-end,1
Animation-end,2
Animation-Family-end,2
Animation-Family-Fantasy-end,1
Animation-Family-Fantasy-Musical-end,2
Animation-Family-Fantasy-Musical-Romance-end,1
Animation-Family-Fantasy-Music-end,2
Animation-Family-Fantasy-Mystery-end,1
Biography-Comedy-Crime-Drama-end,3
Biography-Comedy-Crime-Drama-Romance-end,1
Biography-Comedy-Crime-Drama-Romance-Thriller-end,1
Biography-Comedy-Documentary-end,1
Biography-Comedy-Drama-end,5
Biography-Comedy-Drama-Family-Romance-end,1
Biography-Comedy-Drama-Family-Sport-end,1
Biography-Comedy-Drama-History-end,3
Biography-Comedy-Drama-History-Music-end,1
Biography-Comedy-Drama-History-Music-Musical-end,1
Biography-Comedy-Drama-Music-end,1
Biography-Comedy-Drama-Music-Romance-end,1
Biography-Comedy-Drama-Romance-end,2
Biography-Comedy-Drama-Sport-end,1
Biography-Comedy-Drama-War-end,1
Biography-Comedy-Musical-end,1
Biography-Comedy-Musical-Romance-Western-end,1
Biography-Comedy-Romance-end,2
Biography-Crime-Documentary-History-end,1
Biography-Crime-Documentary-History-Thriller-end,1
Biography-Crime-Drama-end,16
Biography-Crime-Drama-History-end,2
Biography-Crime-Drama-History-Music-end,1
Biography-Crime-Drama-History-Romance-end,1
Biography-Crime-Drama-History-Thriller-end,1
Biography-Crime-Drama-History-Western-end,1
Biography-Crime-Drama-Music-end,1
Biography-Crime-Drama-Mystery-Thriller-end,1
Biography-Crime-Drama-Romance-end,2
Biography-Crime-Drama-Romance-Thriller-end,1
Biography-Crime-Drama-Thriller-end,6
Biography-Crime-Drama-War-end,1
Biography-Crime-Drama-Western-end,1
Biography-Documentary-Drama-end,1
Biography-Documentary-end,2
Biography-Documentary-History-end,1
Biography-Documentary-Music-end,4
Biography-Documentary-Sport-end,1
Biography-Drama-end,35
Biography-Drama-Family-end,1
Biography-Drama-Family-History-Sport-end,1
Biography-Drama-Family-Musical-Romance-end,1
Biography-Drama-Family-Sport-end,1
Biography-Drama-Fantasy-History-end,1
Biography-Drama-History-end,26
Biography-Drama-History-Musical-end,1
Biography-Drama-History-Music-end,1
Biography-Drama-History-Romance-end,11
Biography-Drama-History-Sport-end,2
Biography-Drama-History-Thriller-end,2
Biography-Drama-History-Thriller-War-end,1
Biography-Drama-History-War-end,6
Biography-Drama-Music-end,13
Biography-Drama-Music-Musical-end,5
Biography-Drama-Music-Romance-end,4
Biography-Drama-Romance-end,17
Biography-Drama-Romance-Sport-end,3
Biography-Drama-Romance-War-end,2
Biography-Drama-Romance-Western-end,1
Biography-Drama-Sport-end,26
Biography-Drama-Sport-War-end,1
Biography-Drama-Thriller-end,7
Biography-Drama-Thriller-War-end,2
Biography-Drama-War-end,4
Biography-end,1
Comedy-Crime-Drama-end,24
Comedy-Crime-Drama-Horror-Mystery-Thriller-end,1
Comedy-Crime-Drama-Horror-Thriller-end,1
Comedy-Crime-Drama-Music-Romance-end,1
Comedy-Crime-Drama-Mystery-end,1
Comedy-Crime-Drama-Mystery-Romance-end,3
Comedy-Crime-Drama-Mystery-Thriller-end,1
Comedy-Crime-Drama-Romance-end,4
Comedy-Crime-Drama-Romance-Thriller-end,3
Comedy-Crime-Drama-SciFi-end,1
Comedy-Crime-Drama-Thriller-end,8
Comedy-Crime-Drama-Thriller-War-end,1
Comedy-Crime-end,49
Comedy-Crime-Family-end,2
Comedy-Crime-Family-Mystery-Romance-Thriller-end,1
Comedy-Crime-Family-Romance-end,1
Comedy-Crime-Family-SciFi-end,1
Comedy-Crime-Horror-end,1
Comedy-Crime-Horror-Thriller-end,1
Comedy-Crime-Musical-end,1
Comedy-Crime-Musical-Mystery-end,1
Comedy-Crime-Musical-Romance-end,1
Comedy-Crime-Music-end,3
Comedy-Crime-Mystery-end,6
Comedy-Crime-Mystery-Romance-end,1
Comedy-Crime-Romance-end,11
Comedy-Crime-Romance-Thriller-end,3
Comedy-Crime-SciFi-Thriller-end,1
Comedy-Crime-Sport-end,1
Comedy-Crime-Thriller-end,15
Comedy-Documentary-Drama-end,1
Comedy-Documentary-Drama-Fantasy-Mystery-SciFi-end,1
Comedy-Documentary-end,7
Comedy-Documentary-Music-end,1
Comedy-Documentary-War-end,1
Comedy-Drama-end,189
Comedy-Drama-Family-end,15
Comedy-Drama-Family-Fantasy-end,3
Comedy-Drama-Family-Fantasy-Musical-end,1
Comedy-Drama-Family-Fantasy-Romance-end,2
Comedy-Drama-Family-Fantasy-SciFi-end,1
Comedy-Drama-Family-Musical-end,1
Comedy-Drama-Family-Music-Musical-Romance-end,4
Comedy-Drama-Family-Music-Romance-end,2
Comedy-Drama-Family-Romance-end,6
Comedy-Drama-Family-Sport-end,5
Comedy-Drama-Fantasy-end,4
Comedy-Drama-Fantasy-Horror-end,1
Comedy-Drama-Fantasy-Music-Romance-end,1
Comedy-Drama-Fantasy-Romance-end,11
Comedy-Drama-History-Musical-Romance-end,1
Comedy-Drama-History-Romance-end,1
Comedy-Drama-Horror-end,1
Comedy-Drama-Horror-Romance-end,2
Comedy-Drama-Horror-SciFi-end,1
Comedy-Drama-Horror-SciFi-Thriller-end,1
Comedy-Drama-Musical-end,2
Comedy-Drama-Musical-Romance-end,5
Comedy-Drama-Musical-Romance-War-end,1
Comedy-Drama-Musical-Romance-Western-end,1
Comedy-Drama-Music-end,17
Comedy-Drama-Music-Musical-end,2
Comedy-Drama-Music-Musical-Romance-end,1
Comedy-Drama-Music-Romance-end,9
Comedy-Drama-Music-War-end,1
Comedy-Drama-Mystery-Romance-Thriller-end,1
Comedy-Drama-Mystery-Romance-Thriller-War-end,1
Comedy-Drama-Reality-TV-Romance-end,1
Comedy-Drama-Romance-end,185
Comedy-Drama-Romance-SciFi-end,2
Comedy-Drama-Romance-Sport-end,14
Comedy-Drama-Romance-Thriller-end,2
Comedy-Drama-Romance-War-end,1
Comedy-Drama-Romance-Western-end,1
Comedy-Drama-SciFi-end,4
Comedy-Drama-Sport-end,6
Comedy-Drama-Thriller-end,2
Comedy-Drama-War-end,4
Comedy-end,205
Comedy-Family-end,26
Comedy-Family-Fantasy-end,20
Comedy-Family-Fantasy-Horror-Mystery-end,1
Comedy-Family-Fantasy-Musical-end,1
Comedy-Family-Fantasy-Music-Romance-end,1
Comedy-Family-Fantasy-Romance-end,5
Comedy-Family-Fantasy-SciFi-end,1
Comedy-Family-Fantasy-Sport-end,1
Comedy-Family-Musical-Romance-end,1
Comedy-Family-Musical-Romance-Short-end,1
Comedy-Family-Music-end,1
Comedy-Family-Music-Musical-end,1
Comedy-Family-Music-Romance-end,1
Comedy-Family-Romance-end,13
Comedy-Family-Romance-SciFi-end,1
Comedy-Family-Romance-Sport-end,1
Comedy-Family-SciFi-end,5
Comedy-Family-Sport-end,2
Comedy-Fantasy-end,16
Comedy-Fantasy-Horror-end,10
Comedy-Fantasy-Horror-Musical-end,1
Comedy-Fantasy-Horror-Mystery-end,1
Comedy-Fantasy-Horror-Romance-end,2
Comedy-Fantasy-Horror-Thriller-end,8
Comedy-Fantasy-Musical-SciFi-end,1
Comedy-Fantasy-Mystery-end,1
Comedy-Fantasy-Romance-end,13
Comedy-Fantasy-SciFi-end,3
Comedy-Fantasy-Thriller-end,1
Comedy-History-end,1
Comedy-Horror-end,18
Comedy-Horror-Musical-end,2
Comedy-Horror-Musical-SciFi-end,1
Comedy-Horror-Mystery-end,2
Comedy-Horror-Mystery-Thriller-end,1
Comedy-Horror-Romance-end,2
Comedy-Horror-SciFi-end,7
Comedy-Horror-SciFi-Thriller-end,1
Comedy-Horror-Thriller-end,6
Comedy-Musical-end,5
Comedy-Musical-Romance-end,7
Comedy-Music-end,17
Comedy-Music-Romance-end,9
Comedy-Music-SciFi-end,1
Comedy-Mystery-end,2
Comedy-Mystery-Romance-end,2
Comedy-Mystery-SciFi-Thriller-end,1
Comedy-Mystery-Thriller-end,1
Comedy-Romance-end,157
Comedy-Romance-SciFi-end,5
Comedy-Romance-SciFi-Thriller-end,1
Comedy-Romance-Sport-end,7
Comedy-Romance-Thriller-end,2
Comedy-SciFi-end,9
Comedy-SciFi-Thriller-end,1
Comedy-Short-end,1
Comedy-Sport-end,15
Comedy-Thriller-end,1
Comedy-War-end,3
Comedy-Western-end,4
Crime-Documentary-Drama-end,1
Crime-Documentary-end,2
Crime-Documentary-News-end,1
Crime-Documentary-War-end,2
Crime-Drama-end,62
Crime-Drama-Fantasy-end,1
Crime-Drama-Fantasy-Mystery-end,1
Crime-Drama-Fantasy-Romance-end,1
Crime-Drama-Film-Noir-end,1
Crime-Drama-Film-Noir-Mystery-Thriller-end,1
Crime-Drama-History-end,1
Crime-Drama-History-Mystery-Thriller-end,1
Crime-Drama-History-Romance-end,1
Crime-Drama-Horror-end,1
Crime-Drama-Horror-Mystery-Thriller-end,3
Crime-Drama-Horror-Thriller-end,5
Crime-Drama-Musical-end,1
Crime-Drama-Musical-Romance-end,1
Crime-Drama-Musical-Romance-Thriller-end,1
Crime-Drama-Music-end,2
Crime-Drama-Music-Mystery-Thriller-end,1
Crime-Drama-Music-Romance-end,1
Crime-Drama-Music-Thriller-end,1
Crime-Drama-Mystery-end,10
Crime-Drama-Mystery-Romance-end,1
Crime-Drama-Mystery-Romance-Thriller-end,1
Crime-Drama-Mystery-SciFi-Thriller-end,1
Crime-Drama-Mystery-Thriller-end,53
Crime-Drama-Mystery-Thriller-Western-end,1
Crime-Drama-Romance-end,12
Crime-Drama-Romance-Thriller-end,16
Crime-Drama-SciFi-Thriller-end,1
Crime-Drama-Sport-end,2
Crime-Drama-Thriller-end,98
Crime-Drama-Western-end,2
Crime-Fantasy-Horror-end,1
Crime-Film-Noir-Thriller-end,1
Crime-Horror-end,1
Crime-Horror-Music-Thriller-end,1
Crime-Horror-Mystery-Thriller-end,5
Crime-Horror-Thriller-end,5
Crime-Mystery-Thriller-end,14
Crime-Romance-Thriller-end,2
Crime-Thriller-end,18
Crime-Thriller-War-end,1
Documentary-Drama-end,3
Documentary-Drama-History-News-end,1
Documentary-Drama-Sport-end,1
Documentary-Drama-War-end,1
Documentary-end,51
Documentary-Family-end,1
Documentary-Family-Music-end,1
Documentary-History-end,2
Documentary-History-Music-end,2
Documentary-History-Sport-end,1
Documentary-Music-end,10
Documentary-News-end,1
Documentary-Sport-end,5
Documentary-War-end,4
Drama-end,233
Drama-Family-end,18
Drama-Family-Fantasy-end,3
Drama-Family-Fantasy-Romance-end,3
Drama-Family-History-Musical-end,1
Drama-Family-Musical-end,1
Drama-Family-Musical-Romance-end,3
Drama-Family-Music-end,3
Drama-Family-Music-Musical-end,1
Drama-Family-Music-Romance-end,1
Drama-Family-Romance-end,4
Drama-Family-Sport-end,4
Drama-Family-Western-end,1
Drama-Fantasy-end,9
Drama-Fantasy-Horror-end,3
Drama-Fantasy-Horror-Mystery-end,2
Drama-Fantasy-Horror-Mystery-Thriller-end,2
Drama-Fantasy-Horror-Romance-end,1
Drama-Fantasy-Horror-Thriller-end,6
Drama-Fantasy-Musical-Romance-end,1
Drama-Fantasy-Music-Romance-end,1
Drama-Fantasy-Mystery-Romance-end,1
Drama-Fantasy-Mystery-Romance-Thriller-end,1
Drama-Fantasy-Mystery-SciFi-end,1
Drama-Fantasy-Mystery-Thriller-end,3
Drama-Fantasy-Romance-end,13
Drama-Fantasy-Romance-SciFi-end,3
Drama-Fantasy-Romance-Thriller-end,1
Drama-Fantasy-Romance-War-end,1
Drama-Fantasy-SciFi-end,1
Drama-Fantasy-SciFi-Thriller-end,1
Drama-Fantasy-Sport-end,1
Drama-Fantasy-Thriller-end,2
Drama-Fantasy-War-end,1
Drama-Film-Noir-end,1
Drama-Film-Noir-Mystery-Thriller-end,1
Drama-History-end,10
Drama-History-Horror-end,1
Drama-History-Music-Romance-War-end,1
Drama-History-Romance-end,1
Drama-History-Romance-War-end,6
Drama-History-Romance-Western-end,1
Drama-History-Sport-end,4
Drama-History-Thriller-end,9
Drama-History-Thriller-War-end,5
Drama-History-War-end,20
Drama-History-War-Western-end,1
Drama-Horror-end,5
Drama-Horror-Mystery-end,2
Drama-Horror-Mystery-SciFi-end,1
Drama-Horror-Mystery-SciFi-Thriller-end,2
Drama-Horror-Mystery-Thriller-end,21
Drama-Horror-Romance-end,1
Drama-Horror-Romance-Thriller-end,2
Drama-Horror-SciFi-end,4
Drama-Horror-SciFi-Thriller-end,9
Drama-Horror-Thriller-end,13
Drama-Musical-end,4
Drama-Musical-Romance-end,9
Drama-Musical-Romance-Thriller-end,1
Drama-Musical-SciFi-end,1
Drama-Music-end,27
Drama-Music-Musical-end,1
Drama-Music-Musical-Romance-end,3
Drama-Music-Mystery-Romance-end,1
Drama-Music-Mystery-Romance-SciFi-end,1
Drama-Music-Mystery-Romance-Thriller-end,1
Drama-Music-Romance-end,18
Drama-Music-Romance-War-end,1
Drama-Mystery-end,10
Drama-Mystery-Romance-end,4
Drama-Mystery-Romance-SciFi-Thriller-end,1
Drama-Mystery-Romance-Thriller-end,10
Drama-Mystery-Romance-Thriller-War-end,1
Drama-Mystery-Romance-War-end,2
Drama-Mystery-SciFi-end,5
Drama-Mystery-SciFi-Thriller-end,13
Drama-Mystery-Thriller-end,36
Drama-Mystery-War-end,1
Drama-Romance-end,150
Drama-Romance-SciFi-end,10
Drama-Romance-SciFi-Thriller-end,2
Drama-Romance-Sport-end,6
Drama-Romance-Thriller-end,5
Drama-Romance-War-end,14
Drama-Romance-War-Western-end,2
Drama-Romance-Western-end,7
Drama-SciFi-end,10
Drama-SciFi-Thriller-end,13
Drama-Sport-end,26
Drama-Thriller-end,62
Drama-Thriller-War-end,3
Drama-War-end,23
Drama-War-Western-end,1
Drama-Western-end,7
Family-end,5
Family-Fantasy-Musical-end,1
Family-Fantasy-Music-end,1
Family-Musical-end,1
Family-Music-Romance-end,1
Family-SciFi-end,2
Fantasy-end,2
Fantasy-Horror-end,16
Fantasy-Horror-Mystery-end,2
Fantasy-Horror-Mystery-Romance-end,1
Fantasy-Horror-Mystery-Thriller-end,9
Fantasy-Horror-Romance-end,1
Fantasy-Horror-Romance-Thriller-end,1
Fantasy-Horror-SciFi-end,2
Fantasy-Horror-Thriller-end,9
Fantasy-Mystery-Romance-SciFi-Thriller-end,1
Fantasy-Mystery-Thriller-end,1
Fantasy-Romance-end,2
Fantasy-Thriller-end,1
Film-Noir-Mystery-Romance-Thriller-end,1
Game-Show-Reality-TV-Romance-end,1
History-end,1
Horror-end,67
Horror-Musical-end,1
Horror-Musical-SciFi-end,1
Horror-Mystery-end,29
Horror-Mystery-SciFi-end,3
Horror-Mystery-SciFi-Thriller-end,6
Horror-Mystery-Thriller-end,33
Horror-Romance-SciFi-end,1
Horror-Romance-Thriller-end,1
Horror-SciFi-end,9
Horror-SciFi-Short-Thriller-end,1
Horror-SciFi-Thriller-end,17
Horror-Thriller-end,52
Musical-end,1
Musical-Romance-end,3
Music-end,1
Mystery-Romance-SciFi-Thriller-end,1
Mystery-Romance-Thriller-end,2
Mystery-SciFi-Thriller-end,7
Mystery-Thriller-end,21
Mystery-Western-end,1
Romance-end,4
Romance-SciFi-Thriller-end,1
Romance-Short-end,1
SciFi-end,3
SciFi-Thriller-end,10
Thriller-end,19
Thriller-War-end,1
Thriller-Western-end,1
Western-end,12
